y_true,y_pred,predicted_probability,conformal_prediction_set
0,0,0.8451678163414399,"[""0""]"
1,1,0.9982489253149857,"[""1""]"
1,1,0.9983063717388913,"[""1""]"
1,1,0.9983063717388913,"[""1""]"
0,0,0.6843286411114321,"[""0""]"
1,1,0.9983063717388913,"[""1""]"
1,1,0.9982836801994724,"[""1""]"
1,1,0.9983063717388913,"[""1""]"
1,1,0.9983063717388913,"[""1""]"
0,0,0.6700757588032895,"[""0""]"
0,0,0.9071834338521485,"[""0""]"
0,0,0.8932973715326422,"[""0""]"
1,1,0.9983063717388913,"[""1""]"
1,1,0.9982489253149857,"[""1""]"
0,0,0.9453056339703713,"[""0""]"
0,0,0.8231514257349799,"[""0""]"
1,1,0.9982489253149857,"[""1""]"
1,1,0.9983063717388913,"[""1""]"
1,1,0.9983063717388913,"[""1""]"
1,1,0.9983063717388913,"[""1""]"
1,1,0.9982913364153736,"[""1""]"
0,0,0.9453056339703713,"[""0""]"
1,1,0.9983063717388913,"[""1""]"
0,0,0.8647564328026962,"[""0""]"
1,1,0.9983063717388913,"[""1""]"
1,1,0.9983063717388913,"[""1""]"
1,1,0.9980897190625961,"[""1""]"
1,1,0.9983063717388913,"[""1""]"
1,1,0.9980897190625961,"[""1""]"
1,1,0.9983063717388913,"[""1""]"
1,1,0.9983063717388913,"[""1""]"
1,1,0.9983063717388913,"[""1""]"
1,1,0.9982489253149857,"[""1""]"
1,1,0.9983063717388913,"[""1""]"
1,1,0.9982489253149857,"[""1""]"
1,1,0.9983063717388913,"[""1""]"
1,1,0.9982913364153736,"[""1""]"
0,0,0.6843286411114321,"[""0""]"
1,1,0.9983063717388913,"[""1""]"
0,0,0.8647564328026962,"[""0""]"
1,1,0.9983063717388913,"[""1""]"
0,0,0.942483788798874,"[""0""]"
1,1,0.9983063717388913,"[""1""]"
1,1,0.597658096952645,"[""1""]"
1,1,0.9982489253149857,"[""1""]"
0,1,0.597658096952645,"[""1""]"
1,1,0.9983063717388913,"[""1""]"
1,1,0.9983063717388913,"[""1""]"
1,1,0.9983063717388913,"[""1""]"
1,1,0.9983063717388913,"[""1""]"
0,0,0.920893696795849,"[""0""]"
1,1,0.9982489253149857,"[""1""]"
1,1,0.9983063717388913,"[""1""]"
1,1,0.9982489253149857,"[""1""]"
1,1,0.9983063717388913,"[""1""]"
1,1,0.9983063717388913,"[""1""]"
1,1,0.9983063717388913,"[""1""]"
1,1,0.9982489253149857,"[""1""]"
1,1,0.9983063717388913,"[""1""]"
1,1,0.9982489253149857,"[""1""]"
1,1,0.9983063717388913,"[""1""]"
1,1,0.9981968301047488,"[""1""]"
1,1,0.9983063717388913,"[""1""]"
0,0,0.8752160961607132,"[""0""]"
1,1,0.9983063717388913,"[""1""]"
1,1,0.9983063717388913,"[""1""]"
1,1,0.9983063717388913,"[""1""]"
1,1,0.9982489253149857,"[""1""]"
0,0,0.9071834338521485,"[""0""]"
0,0,0.9443650526442154,"[""0""]"
1,1,0.9983063717388913,"[""1""]"
1,1,0.9983063717388913,"[""1""]"
0,0,0.8870137323084193,"[""0""]"
1,1,0.9983063717388913,"[""1""]"
0,0,0.9251528094267779,"[""0""]"
1,1,0.9982489253149857,"[""1""]"
1,1,0.9983063717388913,"[""1""]"
1,1,0.9983063717388913,"[""1""]"
1,1,0.5989931833149625,"[""1""]"
1,1,0.9981968301047488,"[""1""]"
1,1,0.9983063717388913,"[""1""]"
0,0,0.8647564328026962,"[""0""]"
1,1,0.9983063717388913,"[""1""]"
1,1,0.9981968301047488,"[""1""]"
1,1,0.5283415292574168,[]
1,1,0.9983063717388913,"[""1""]"
1,1,0.9983063717388913,"[""1""]"
1,1,0.9983063717388913,"[""1""]"
0,1,0.597658096952645,"[""1""]"
1,1,0.9982489253149857,"[""1""]"
0,0,0.9270404114262751,"[""0""]"
0,1,0.597658096952645,"[""1""]"
1,1,0.9983063717388913,"[""1""]"
1,1,0.9982489253149857,"[""1""]"
1,1,0.9981968301047488,"[""1""]"
1,1,0.9983063717388913,"[""1""]"
1,1,0.9983063717388913,"[""1""]"
0,0,0.8231514257349799,"[""0""]"
1,1,0.9983063717388913,"[""1""]"
1,1,0.9983063717388913,"[""1""]"
1,1,0.9982489253149857,"[""1""]"
1,1,0.9983063717388913,"[""1""]"
1,1,0.9983063717388913,"[""1""]"
1,1,0.9983063717388913,"[""1""]"
0,1,0.5989931833149625,"[""1""]"
1,1,0.5989931833149625,"[""1""]"
1,1,0.9983063717388913,"[""1""]"
1,1,0.9983063717388913,"[""1""]"
1,1,0.9983063717388913,"[""1""]"
1,1,0.9982489253149857,"[""1""]"
1,1,0.9981968301047488,"[""1""]"
0,0,0.9251528094267779,"[""0""]"
0,0,0.6843286411114321,"[""0""]"
1,1,0.9983063717388913,"[""1""]"
1,1,0.597658096952645,"[""1""]"
1,1,0.9983063717388913,"[""1""]"
1,1,0.9983063717388913,"[""1""]"
0,0,0.6700757588032895,"[""0""]"
0,1,0.5989931833149625,"[""1""]"
0,0,0.6700757588032895,"[""0""]"
1,1,0.9982489253149857,"[""1""]"
1,1,0.9983063717388913,"[""1""]"
0,0,0.9071834338521485,"[""0""]"
1,1,0.9981968301047488,"[""1""]"
1,1,0.9983063717388913,"[""1""]"
1,1,0.9983063717388913,"[""1""]"
0,0,0.8555750732337091,"[""0""]"
1,1,0.597658096952645,"[""1""]"
1,1,0.5283415292574168,[]
1,1,0.9983063717388913,"[""1""]"
1,1,0.597658096952645,"[""1""]"
1,1,0.9983063717388913,"[""1""]"
0,0,0.9453056339703713,"[""0""]"
1,1,0.9983063717388913,"[""1""]"
1,1,0.9983063717388913,"[""1""]"
0,0,0.8231514257349799,"[""0""]"
0,0,0.9071834338521485,"[""0""]"
1,1,0.9983063717388913,"[""1""]"
1,1,0.9983063717388913,"[""1""]"
0,0,0.9456769660328394,"[""0""]"
1,1,0.9982489253149857,"[""1""]"
1,1,0.9982489253149857,"[""1""]"
1,1,0.9983063717388913,"[""1""]"
1,1,0.9983063717388913,"[""1""]"
1,1,0.9981968301047488,"[""1""]"
1,1,0.9983063717388913,"[""1""]"
0,0,0.8451678163414399,"[""0""]"
0,0,0.8932973715326422,"[""0""]"
0,1,0.6522917174992993,"[""1""]"
1,1,0.9983063717388913,"[""1""]"
1,1,0.597658096952645,"[""1""]"
1,1,0.9983063717388913,"[""1""]"
1,1,0.9982489253149857,"[""1""]"
1,1,0.9981968301047488,"[""1""]"
1,1,0.9983063717388913,"[""1""]"
1,0,0.8932973715326422,"[""0""]"
0,0,0.9453056339703713,"[""0""]"
1,1,0.9982489253149857,"[""1""]"
1,1,0.9983063717388913,"[""1""]"
1,1,0.9983063717388913,"[""1""]"
1,0,0.6887081954639126,"[""0""]"
1,1,0.9981968301047488,"[""1""]"
1,1,0.9983063717388913,"[""1""]"
1,1,0.9983063717388913,"[""1""]"
1,1,0.9983063717388913,"[""1""]"
1,1,0.9982489253149857,"[""1""]"
0,1,0.5989931833149625,"[""1""]"
1,1,0.9983063717388913,"[""1""]"
1,0,0.6700757588032895,"[""0""]"
0,0,0.8870137323084193,"[""0""]"
0,0,0.8932973715326422,"[""0""]"
1,1,0.9982489253149857,"[""1""]"
1,1,0.9983063717388913,"[""1""]"
1,1,0.9983063717388913,"[""1""]"
1,1,0.9983063717388913,"[""1""]"
0,0,0.8845936043418243,"[""0""]"
1,1,0.9983063717388913,"[""1""]"
0,0,0.9071834338521485,"[""0""]"
0,0,0.8870137323084193,"[""0""]"
1,1,0.9983063717388913,"[""1""]"
0,0,0.6700757588032895,"[""0""]"
0,0,0.8231514257349799,"[""0""]"
1,1,0.597658096952645,"[""1""]"
1,1,0.5094072626634675,[]
1,1,0.9983063717388913,"[""1""]"
1,1,0.9983063717388913,"[""1""]"
1,1,0.597658096952645,"[""1""]"
1,1,0.597658096952645,"[""1""]"
0,0,0.9113691555876408,"[""0""]"
0,0,0.9443650526442154,"[""0""]"
1,1,0.9983063717388913,"[""1""]"
1,1,0.9982489253149857,"[""1""]"
1,1,0.9982489253149857,"[""1""]"
1,1,0.9983063717388913,"[""1""]"
1,1,0.8015504314312263,"[""1""]"
1,1,0.5989931833149625,"[""1""]"
0,0,0.8647564328026962,"[""0""]"
1,1,0.9983063717388913,"[""1""]"
0,0,0.9443650526442154,"[""0""]"
1,1,0.5283415292574168,[]
1,1,0.9983063717388913,"[""1""]"
0,0,0.6700757588032895,"[""0""]"
1,1,0.9983063717388913,"[""1""]"
1,1,0.9983063717388913,"[""1""]"
1,1,0.9983063717388913,"[""1""]"
1,1,0.9983063717388913,"[""1""]"
0,0,0.871182024342154,"[""0""]"
0,1,0.5989931833149625,"[""1""]"
1,1,0.9982489253149857,"[""1""]"
1,1,0.9983063717388913,"[""1""]"
1,1,0.9982489253149857,"[""1""]"
0,0,0.9071834338521485,"[""0""]"
1,0,0.8845936043418243,"[""0""]"
1,1,0.9983063717388913,"[""1""]"
1,1,0.9983063717388913,"[""1""]"
1,1,0.9983063717388913,"[""1""]"
1,1,0.9983063717388913,"[""1""]"
0,0,0.8647564328026962,"[""0""]"
0,1,0.597658096952645,"[""1""]"
1,1,0.9983063717388913,"[""1""]"
0,0,0.8647564328026962,"[""0""]"
1,1,0.9982489253149857,"[""1""]"
1,1,0.9983063717388913,"[""1""]"
1,1,0.9983063717388913,"[""1""]"
1,1,0.9983063717388913,"[""1""]"
1,1,0.9983063717388913,"[""1""]"
1,1,0.9983063717388913,"[""1""]"
0,0,0.6700757588032895,"[""0""]"
1,1,0.9983063717388913,"[""1""]"
0,0,0.9071834338521485,"[""0""]"
1,1,0.9983063717388913,"[""1""]"
1,1,0.9982489253149857,"[""1""]"
1,1,0.9983063717388913,"[""1""]"
1,1,0.9983063717388913,"[""1""]"
1,1,0.9983063717388913,"[""1""]"
1,1,0.9982489253149857,"[""1""]"
1,1,0.9983063717388913,"[""1""]"
0,1,0.5283415292574168,[]
1,1,0.9983063717388913,"[""1""]"
1,1,0.9983063717388913,"[""1""]"
1,1,0.9983063717388913,"[""1""]"
0,0,0.9358201624130881,"[""0""]"
0,0,0.9443650526442154,"[""0""]"
1,1,0.9983063717388913,"[""1""]"
0,0,0.8231514257349799,"[""0""]"
1,1,0.9983063717388913,"[""1""]"
1,1,0.9982489253149857,"[""1""]"
1,1,0.9983063717388913,"[""1""]"
1,1,0.9983063717388913,"[""1""]"
1,1,0.9982913364153736,"[""1""]"
0,0,0.787925992522557,"[""0""]"
0,0,0.9443650526442154,"[""0""]"
1,1,0.9982489253149857,"[""1""]"
1,1,0.9983063717388913,"[""1""]"
0,0,0.9453056339703713,"[""0""]"
1,1,0.9983063717388913,"[""1""]"
0,0,0.8932973715326422,"[""0""]"
0,0,0.9071834338521485,"[""0""]"
0,0,0.6843286411114321,"[""0""]"
1,1,0.9981968301047488,"[""1""]"
1,1,0.9982489253149857,"[""1""]"
1,1,0.9983063717388913,"[""1""]"
1,1,0.9983063717388913,"[""1""]"
1,1,0.9983063717388913,"[""1""]"
1,1,0.5094072626634675,[]
1,1,0.9983063717388913,"[""1""]"
1,1,0.9983063717388913,"[""1""]"
1,1,0.9983063717388913,"[""1""]"
0,0,0.9453056339703713,"[""0""]"
1,1,0.9982489253149857,"[""1""]"
0,0,0.9071834338521485,"[""0""]"
1,1,0.9983063717388913,"[""1""]"
1,1,0.9983063717388913,"[""1""]"
1,1,0.9983063717388913,"[""1""]"
1,1,0.9983063717388913,"[""1""]"
1,1,0.597658096952645,"[""1""]"
0,0,0.9159113874269559,"[""0""]"
1,1,0.9983063717388913,"[""1""]"
1,1,0.9983063717388913,"[""1""]"
1,1,0.9983063717388913,"[""1""]"
1,1,0.9983063717388913,"[""1""]"
1,1,0.9982489253149857,"[""1""]"
1,1,0.9983063717388913,"[""1""]"
1,1,0.9983063717388913,"[""1""]"
1,1,0.9983063717388913,"[""1""]"
0,0,0.8647564328026962,"[""0""]"
0,0,0.8555750732337091,"[""0""]"
1,1,0.9983063717388913,"[""1""]"
1,1,0.9982489253149857,"[""1""]"
0,0,0.8932973715326422,"[""0""]"
0,0,0.9071834338521485,"[""0""]"
1,1,0.9983063717388913,"[""1""]"
1,1,0.9982489253149857,"[""1""]"
1,1,0.9982489253149857,"[""1""]"
1,1,0.9983063717388913,"[""1""]"
1,1,0.9982913364153736,"[""1""]"
1,1,0.9983063717388913,"[""1""]"
1,1,0.9983063717388913,"[""1""]"
0,0,0.8870137323084193,"[""0""]"
1,1,0.9983063717388913,"[""1""]"
1,1,0.9983063717388913,"[""1""]"
1,1,0.9983063717388913,"[""1""]"
1,1,0.9983063717388913,"[""1""]"
1,1,0.9983063717388913,"[""1""]"
1,1,0.9969276442915275,"[""1""]"
1,1,0.9983063717388913,"[""1""]"
1,1,0.9983063717388913,"[""1""]"
0,1,0.597658096952645,"[""1""]"
0,0,0.9071834338521485,"[""0""]"
1,1,0.9983063717388913,"[""1""]"
1,1,0.9983063717388913,"[""1""]"
1,1,0.9982489253149857,"[""1""]"
1,1,0.9983063717388913,"[""1""]"
0,0,0.6700757588032895,"[""0""]"
1,1,0.9980897190625961,"[""1""]"
0,0,0.920893696795849,"[""0""]"
0,1,0.5094072626634675,[]
1,1,0.9983063717388913,"[""1""]"
1,1,0.9983063717388913,"[""1""]"
1,1,0.9982913364153736,"[""1""]"
1,1,0.5989931833149625,"[""1""]"
1,1,0.9983063717388913,"[""1""]"
1,1,0.9982913364153736,"[""1""]"
1,1,0.9983063717388913,"[""1""]"
1,1,0.9983063717388913,"[""1""]"
1,1,0.9983063717388913,"[""1""]"
1,1,0.9982489253149857,"[""1""]"
0,1,0.5989931833149625,"[""1""]"
0,1,0.597658096952645,"[""1""]"
1,1,0.9983063717388913,"[""1""]"
1,1,0.9983063717388913,"[""1""]"
0,0,0.9453056339703713,"[""0""]"
1,1,0.9983063717388913,"[""1""]"
0,0,0.9453056339703713,"[""0""]"
1,1,0.9982489253149857,"[""1""]"
0,0,0.625759340369306,"[""0""]"
1,1,0.9983063717388913,"[""1""]"
1,1,0.5989931833149625,"[""1""]"
1,1,0.9983063717388913,"[""1""]"
1,1,0.9983063717388913,"[""1""]"
1,1,0.9982913364153736,"[""1""]"
1,1,0.9980897190625961,"[""1""]"
0,0,0.9159113874269559,"[""0""]"
0,0,0.8231514257349799,"[""0""]"
1,1,0.9983063717388913,"[""1""]"
1,1,0.9982913364153736,"[""1""]"
1,1,0.9983063717388913,"[""1""]"
0,1,0.597658096952645,"[""1""]"
1,1,0.9983063717388913,"[""1""]"
1,1,0.9983063717388913,"[""1""]"
1,1,0.9981968301047488,"[""1""]"
1,1,0.9983063717388913,"[""1""]"
1,1,0.9983063717388913,"[""1""]"
0,0,0.9453056339703713,"[""0""]"
1,1,0.9983063717388913,"[""1""]"
1,1,0.9983063717388913,"[""1""]"
1,1,0.9982913364153736,"[""1""]"
1,1,0.9983063717388913,"[""1""]"
0,0,0.9071834338521485,"[""0""]"
1,1,0.9983063717388913,"[""1""]"
1,1,0.9983063717388913,"[""1""]"
0,0,0.9113691555876408,"[""0""]"
0,0,0.9159113874269559,"[""0""]"
1,1,0.9983063717388913,"[""1""]"
0,0,0.9113691555876408,"[""0""]"
1,1,0.9983063717388913,"[""1""]"
1,1,0.9983063717388913,"[""1""]"
0,0,0.8870137323084193,"[""0""]"
1,1,0.9982913364153736,"[""1""]"
0,0,0.9453056339703713,"[""0""]"
1,1,0.9982489253149857,"[""1""]"
1,1,0.9983063717388913,"[""1""]"
1,1,0.9983063717388913,"[""1""]"
0,0,0.8870137323084193,"[""0""]"
1,1,0.9983063717388913,"[""1""]"
1,1,0.9983063717388913,"[""1""]"
0,0,0.9443650526442154,"[""0""]"
1,1,0.9983063717388913,"[""1""]"
1,1,0.9983063717388913,"[""1""]"
1,1,0.9983063717388913,"[""1""]"
1,1,0.9983063717388913,"[""1""]"
1,1,0.9983063717388913,"[""1""]"
1,1,0.9981968301047488,"[""1""]"
1,1,0.9973332397807808,"[""1""]"
1,1,0.9983063717388913,"[""1""]"
1,1,0.9980897190625961,"[""1""]"
0,0,0.9453056339703713,"[""0""]"
1,1,0.9983063717388913,"[""1""]"
1,1,0.9983063717388913,"[""1""]"
1,1,0.9983063717388913,"[""1""]"
1,1,0.9983063717388913,"[""1""]"
1,1,0.9983063717388913,"[""1""]"
1,1,0.9983063717388913,"[""1""]"
0,0,0.8870137323084193,"[""0""]"
1,1,0.9978068855033548,"[""1""]"
1,1,0.9982489253149857,"[""1""]"
1,1,0.9983063717388913,"[""1""]"
1,1,0.9983063717388913,"[""1""]"
0,1,0.5989931833149625,"[""1""]"
1,1,0.9983063717388913,"[""1""]"
1,1,0.9983063717388913,"[""1""]"
1,1,0.597658096952645,"[""1""]"
0,0,0.9358201624130881,"[""0""]"
1,1,0.9983063717388913,"[""1""]"
0,0,0.9071834338521485,"[""0""]"
0,0,0.9443650526442154,"[""0""]"
1,1,0.9982489253149857,"[""1""]"
1,1,0.9983063717388913,"[""1""]"
1,1,0.9983063717388913,"[""1""]"
1,1,0.9983063717388913,"[""1""]"
0,0,0.9071834338521485,"[""0""]"
1,1,0.9983063717388913,"[""1""]"
0,0,0.9159113874269559,"[""0""]"
1,1,0.9983063717388913,"[""1""]"
0,0,0.8870137323084193,"[""0""]"
1,1,0.9983063717388913,"[""1""]"
1,1,0.9983063717388913,"[""1""]"
0,0,0.9447570738223283,"[""0""]"
1,1,0.9982489253149857,"[""1""]"
1,1,0.9983063717388913,"[""1""]"
1,1,0.597658096952645,"[""1""]"
1,1,0.9981968301047488,"[""1""]"
1,1,0.597658096952645,"[""1""]"
1,1,0.9983063717388913,"[""1""]"
1,1,0.9983063717388913,"[""1""]"
1,1,0.9983063717388913,"[""1""]"
0,0,0.9159113874269559,"[""0""]"
0,0,0.8647564328026962,"[""0""]"
1,1,0.9983063717388913,"[""1""]"
1,1,0.9981968301047488,"[""1""]"
1,1,0.9983063717388913,"[""1""]"
1,1,0.9983063717388913,"[""1""]"
1,1,0.9983063717388913,"[""1""]"
1,1,0.9981968301047488,"[""1""]"
1,1,0.9982489253149857,"[""1""]"
1,1,0.9983063717388913,"[""1""]"
1,1,0.9980897190625961,"[""1""]"
1,1,0.9983063717388913,"[""1""]"
0,0,0.8647564328026962,"[""0""]"
0,0,0.9071834338521485,"[""0""]"
0,0,0.9071834338521485,"[""0""]"
1,1,0.9983063717388913,"[""1""]"
1,1,0.9983063717388913,"[""1""]"
1,1,0.9983063717388913,"[""1""]"
0,0,0.9159113874269559,"[""0""]"
0,0,0.8231514257349799,"[""0""]"
0,0,0.9453056339703713,"[""0""]"
0,0,0.8870137323084193,"[""0""]"
1,1,0.9983063717388913,"[""1""]"
1,1,0.9983063717388913,"[""1""]"
1,1,0.9983063717388913,"[""1""]"
1,1,0.9982489253149857,"[""1""]"
0,0,0.8932973715326422,"[""0""]"
1,1,0.9973332397807808,"[""1""]"
1,1,0.9983063717388913,"[""1""]"
1,1,0.9983063717388913,"[""1""]"
0,1,0.5989931833149625,"[""1""]"
1,1,0.9982489253149857,"[""1""]"
1,1,0.9983063717388913,"[""1""]"
0,1,0.5094072626634675,[]
1,1,0.9983063717388913,"[""1""]"
1,1,0.9982489253149857,"[""1""]"
1,1,0.9983063717388913,"[""1""]"
1,1,0.9983063717388913,"[""1""]"
1,1,0.9983063717388913,"[""1""]"
1,1,0.9982489253149857,"[""1""]"
1,1,0.9983063717388913,"[""1""]"
1,1,0.9973332397807808,"[""1""]"
1,1,0.9983063717388913,"[""1""]"
1,1,0.9983063717388913,"[""1""]"
1,1,0.9983063717388913,"[""1""]"
1,1,0.9983063717388913,"[""1""]"
1,1,0.9983063717388913,"[""1""]"
1,1,0.9973332397807808,"[""1""]"
1,1,0.9983063717388913,"[""1""]"
0,0,0.8870137323084193,"[""0""]"
1,1,0.9983063717388913,"[""1""]"
0,0,0.8451678163414399,"[""0""]"
1,1,0.9982489253149857,"[""1""]"
0,0,0.8647564328026962,"[""0""]"
1,1,0.9983063717388913,"[""1""]"
1,1,0.5094072626634675,[]
0,0,0.8870137323084193,"[""0""]"
0,0,0.9113691555876408,"[""0""]"
1,1,0.597658096952645,"[""1""]"
0,1,0.597658096952645,"[""1""]"
1,1,0.9983063717388913,"[""1""]"
1,1,0.9983063717388913,"[""1""]"
1,1,0.9978068855033548,"[""1""]"
0,0,0.8555750732337091,"[""0""]"
1,1,0.9983063717388913,"[""1""]"
1,1,0.9983063717388913,"[""1""]"
1,1,0.9982489253149857,"[""1""]"
1,1,0.9983063717388913,"[""1""]"
1,1,0.9983063717388913,"[""1""]"
1,1,0.9982489253149857,"[""1""]"
0,1,0.597658096952645,"[""1""]"
1,1,0.9983063717388913,"[""1""]"
1,1,0.9982489253149857,"[""1""]"
1,1,0.9983063717388913,"[""1""]"
1,1,0.9983063717388913,"[""1""]"
1,1,0.9982913364153736,"[""1""]"
0,0,0.8870137323084193,"[""0""]"
0,0,0.9071834338521485,"[""0""]"
0,0,0.9358201624130881,"[""0""]"
1,1,0.9981968301047488,"[""1""]"
1,1,0.9981968301047488,"[""1""]"
1,1,0.9983063717388913,"[""1""]"
1,1,0.9983063717388913,"[""1""]"
1,1,0.9980897190625961,"[""1""]"
1,1,0.9983063717388913,"[""1""]"
1,1,0.9983063717388913,"[""1""]"
0,0,0.6700757588032895,"[""0""]"
1,1,0.9982489253149857,"[""1""]"
1,1,0.9983063717388913,"[""1""]"
0,0,0.8111968749184053,"[""0""]"
0,0,0.8870137323084193,"[""0""]"
1,1,0.9983063717388913,"[""1""]"
1,1,0.597658096952645,"[""1""]"
0,0,0.8845936043418243,"[""0""]"
1,1,0.9983063717388913,"[""1""]"
1,1,0.5989931833149625,"[""1""]"
0,0,0.8647564328026962,"[""0""]"
1,1,0.9980897190625961,"[""1""]"
1,1,0.9983063717388913,"[""1""]"
1,1,0.9983063717388913,"[""1""]"
1,1,0.9983063717388913,"[""1""]"
1,1,0.9983063717388913,"[""1""]"
0,0,0.9443650526442154,"[""0""]"
1,1,0.9983063717388913,"[""1""]"
1,1,0.9983063717388913,"[""1""]"
1,1,0.9983063717388913,"[""1""]"
0,0,0.6700757588032895,"[""0""]"
0,0,0.871182024342154,"[""0""]"
1,1,0.9983063717388913,"[""1""]"
1,1,0.9983063717388913,"[""1""]"
1,1,0.9983063717388913,"[""1""]"
1,1,0.9983063717388913,"[""1""]"
1,1,0.9983063717388913,"[""1""]"
1,1,0.9983063717388913,"[""1""]"
1,1,0.9983063717388913,"[""1""]"
1,1,0.9982489253149857,"[""1""]"
1,1,0.9983063717388913,"[""1""]"
0,0,0.6700757588032895,"[""0""]"
1,1,0.9980897190625961,"[""1""]"
1,1,0.9983063717388913,"[""1""]"
1,1,0.9982489253149857,"[""1""]"
0,0,0.6700757588032895,"[""0""]"
0,0,0.8647564328026962,"[""0""]"
0,0,0.8555750732337091,"[""0""]"
1,1,0.9982489253149857,"[""1""]"
1,1,0.9983063717388913,"[""1""]"
0,0,0.8870137323084193,"[""0""]"
1,1,0.9983063717388913,"[""1""]"
1,1,0.9983063717388913,"[""1""]"
1,0,0.6700757588032895,"[""0""]"
1,1,0.9983063717388913,"[""1""]"
1,1,0.9983063717388913,"[""1""]"
0,0,0.9358201624130881,"[""0""]"
1,1,0.9983063717388913,"[""1""]"
1,1,0.9982913364153736,"[""1""]"
1,1,0.9980897190625961,"[""1""]"
0,1,0.597658096952645,"[""1""]"
1,1,0.9983063717388913,"[""1""]"
1,1,0.9983063717388913,"[""1""]"
1,1,0.9982489253149857,"[""1""]"
1,1,0.9983063717388913,"[""1""]"
1,1,0.9983063717388913,"[""1""]"
1,0,0.8647564328026962,"[""0""]"
1,1,0.9983063717388913,"[""1""]"
1,1,0.9983063717388913,"[""1""]"
1,0,0.9453056339703713,"[""0""]"
1,1,0.9983063717388913,"[""1""]"
1,1,0.9983063717388913,"[""1""]"
1,1,0.9983063717388913,"[""1""]"
1,1,0.5989931833149625,"[""1""]"
0,0,0.8932973715326422,"[""0""]"
1,1,0.9982913364153736,"[""1""]"
1,1,0.9982489253149857,"[""1""]"
1,1,0.9983063717388913,"[""1""]"
1,1,0.9983063717388913,"[""1""]"
1,0,0.8870137323084193,"[""0""]"
0,0,0.8870137323084193,"[""0""]"
0,0,0.8870137323084193,"[""0""]"
1,1,0.9983063717388913,"[""1""]"
1,1,0.9983063717388913,"[""1""]"
1,1,0.9983063717388913,"[""1""]"
1,1,0.9983063717388913,"[""1""]"
1,1,0.9982489253149857,"[""1""]"
1,1,0.9983063717388913,"[""1""]"
1,1,0.9983063717388913,"[""1""]"
0,0,0.9443650526442154,"[""0""]"
1,1,0.9983063717388913,"[""1""]"
1,0,0.6700757588032895,"[""0""]"
1,1,0.9983063717388913,"[""1""]"
1,1,0.9983063717388913,"[""1""]"
1,1,0.9983063717388913,"[""1""]"
1,0,0.8647564328026962,"[""0""]"
0,1,0.5283415292574168,[]
0,0,0.9251528094267779,"[""0""]"
0,0,0.9443650526442154,"[""0""]"
1,1,0.9983063717388913,"[""1""]"
1,1,0.9983063717388913,"[""1""]"
1,1,0.597658096952645,"[""1""]"
0,0,0.9453056339703713,"[""0""]"
1,1,0.5989931833149625,"[""1""]"
1,1,0.9982489253149857,"[""1""]"
1,1,0.9983063717388913,"[""1""]"
1,1,0.9982913364153736,"[""1""]"
0,0,0.8870137323084193,"[""0""]"
0,0,0.6085028103734162,"[""0""]"
1,1,0.9982489253149857,"[""1""]"
1,1,0.9983063717388913,"[""1""]"
1,1,0.9983063717388913,"[""1""]"
1,1,0.9983063717388913,"[""1""]"
0,0,0.871182024342154,"[""0""]"
1,1,0.9983063717388913,"[""1""]"
0,0,0.8870137323084193,"[""0""]"
1,1,0.9983063717388913,"[""1""]"
1,1,0.9983063717388913,"[""1""]"
1,1,0.9981968301047488,"[""1""]"
0,0,0.9159113874269559,"[""0""]"
0,0,0.8870137323084193,"[""0""]"
1,1,0.9983063717388913,"[""1""]"
1,1,0.9983063717388913,"[""1""]"
1,1,0.9983063717388913,"[""1""]"
1,1,0.9983063717388913,"[""1""]"
1,1,0.9983063717388913,"[""1""]"
0,0,0.6700757588032895,"[""0""]"
1,1,0.9983063717388913,"[""1""]"
0,0,0.8231514257349799,"[""0""]"
1,1,0.9982489253149857,"[""1""]"
1,1,0.9983063717388913,"[""1""]"
1,1,0.9983063717388913,"[""1""]"
1,1,0.9982489253149857,"[""1""]"
0,0,0.9113691555876408,"[""0""]"
0,0,0.8647564328026962,"[""0""]"
1,1,0.9983063717388913,"[""1""]"
1,1,0.9983063717388913,"[""1""]"
1,1,0.9982489253149857,"[""1""]"
1,1,0.9982489253149857,"[""1""]"
0,1,0.5989931833149625,"[""1""]"
1,1,0.9982489253149857,"[""1""]"
1,1,0.9983063717388913,"[""1""]"
1,1,0.9983063717388913,"[""1""]"
1,1,0.9983063717388913,"[""1""]"
1,1,0.597658096952645,"[""1""]"
1,1,0.9983063717388913,"[""1""]"
1,1,0.9978068855033548,"[""1""]"
1,1,0.9983063717388913,"[""1""]"
1,1,0.9983063717388913,"[""1""]"
0,1,0.597658096952645,"[""1""]"
0,0,0.9251528094267779,"[""0""]"
1,1,0.9983063717388913,"[""1""]"
1,1,0.9983063717388913,"[""1""]"
1,1,0.9983063717388913,"[""1""]"
0,1,0.597658096952645,"[""1""]"
1,0,0.8870137323084193,"[""0""]"
1,1,0.9983063717388913,"[""1""]"
0,0,0.8932973715326422,"[""0""]"
1,1,0.9983063717388913,"[""1""]"
1,1,0.9980897190625961,"[""1""]"
1,1,0.9983063717388913,"[""1""]"
1,1,0.9983063717388913,"[""1""]"
1,1,0.5094072626634675,[]
1,1,0.9983063717388913,"[""1""]"
1,0,0.8845936043418243,"[""0""]"
1,1,0.9983063717388913,"[""1""]"
1,1,0.9983063717388913,"[""1""]"
0,0,0.9456769660328394,"[""0""]"
1,1,0.9982489253149857,"[""1""]"
0,0,0.9159113874269559,"[""0""]"
1,1,0.9983063717388913,"[""1""]"
1,1,0.9983063717388913,"[""1""]"
0,0,0.6700757588032895,"[""0""]"
1,1,0.9982913364153736,"[""1""]"
0,0,0.9443650526442154,"[""0""]"
1,1,0.9983063717388913,"[""1""]"
1,1,0.597658096952645,"[""1""]"
1,1,0.9983063717388913,"[""1""]"
0,0,0.9071834338521485,"[""0""]"
1,1,0.9983063717388913,"[""1""]"
1,1,0.9983063717388913,"[""1""]"
1,1,0.9983063717388913,"[""1""]"
1,1,0.9983063717388913,"[""1""]"
1,1,0.9983063717388913,"[""1""]"
1,1,0.9983063717388913,"[""1""]"
1,1,0.9980897190625961,"[""1""]"
0,0,0.8752160961607132,"[""0""]"
1,1,0.9983063717388913,"[""1""]"
1,1,0.9982489253149857,"[""1""]"
0,0,0.9004919726347647,"[""0""]"
1,1,0.9982489253149857,"[""1""]"
1,1,0.9982489253149857,"[""1""]"
1,0,0.9159113874269559,"[""0""]"
1,1,0.9983063717388913,"[""1""]"
1,1,0.9983063717388913,"[""1""]"
1,1,0.9983063717388913,"[""1""]"
1,1,0.9983063717388913,"[""1""]"
1,1,0.9982489253149857,"[""1""]"
1,1,0.9983063717388913,"[""1""]"
0,0,0.9159113874269559,"[""0""]"
1,1,0.9983063717388913,"[""1""]"
1,1,0.9983063717388913,"[""1""]"
1,1,0.9983063717388913,"[""1""]"
1,1,0.9983063717388913,"[""1""]"
1,1,0.8015504314312263,"[""1""]"
1,1,0.597658096952645,"[""1""]"
1,1,0.9982489253149857,"[""1""]"
1,1,0.9983063717388913,"[""1""]"
1,1,0.9983063717388913,"[""1""]"
1,1,0.9982489253149857,"[""1""]"
1,1,0.9983063717388913,"[""1""]"
1,1,0.9983063717388913,"[""1""]"
1,1,0.9983063717388913,"[""1""]"
1,1,0.9983063717388913,"[""1""]"
0,0,0.9071834338521485,"[""0""]"
1,1,0.9983063717388913,"[""1""]"
0,0,0.8870137323084193,"[""0""]"
0,0,0.9159113874269559,"[""0""]"
1,1,0.9982913364153736,"[""1""]"
1,1,0.9983063717388913,"[""1""]"
0,0,0.9159113874269559,"[""0""]"
1,1,0.9982489253149857,"[""1""]"
0,0,0.6700757588032895,"[""0""]"
1,1,0.9983063717388913,"[""1""]"
1,1,0.9982913364153736,"[""1""]"
1,1,0.5989931833149625,"[""1""]"
1,1,0.9983063717388913,"[""1""]"
0,0,0.8231514257349799,"[""0""]"
1,1,0.9983063717388913,"[""1""]"
1,1,0.9983063717388913,"[""1""]"
1,1,0.9983063717388913,"[""1""]"
1,1,0.9983063717388913,"[""1""]"
1,1,0.9983063717388913,"[""1""]"
1,1,0.9983063717388913,"[""1""]"
1,1,0.9983063717388913,"[""1""]"
1,1,0.9982489253149857,"[""1""]"
1,1,0.9982489253149857,"[""1""]"
0,0,0.9113691555876408,"[""0""]"
1,1,0.9983063717388913,"[""1""]"
1,1,0.9982489253149857,"[""1""]"
1,1,0.9983063717388913,"[""1""]"
0,0,0.8932973715326422,"[""0""]"
1,1,0.9983063717388913,"[""1""]"
0,0,0.942483788798874,"[""0""]"
1,1,0.9983063717388913,"[""1""]"
1,1,0.9978068855033548,"[""1""]"
0,0,0.6843286411114321,"[""0""]"
1,1,0.9983063717388913,"[""1""]"
1,1,0.9982489253149857,"[""1""]"
1,1,0.9983063717388913,"[""1""]"
1,1,0.9983063717388913,"[""1""]"
1,1,0.9983063717388913,"[""1""]"
0,0,0.9270404114262751,"[""0""]"
0,0,0.8932973715326422,"[""0""]"
1,1,0.9983063717388913,"[""1""]"
1,1,0.9983063717388913,"[""1""]"
1,1,0.9983063717388913,"[""1""]"
1,1,0.5989931833149625,"[""1""]"
0,0,0.8845936043418243,"[""0""]"
0,1,0.5989931833149625,"[""1""]"
0,0,0.9447570738223283,"[""0""]"
0,1,0.5989931833149625,"[""1""]"
1,1,0.9981968301047488,"[""1""]"
1,1,0.9983063717388913,"[""1""]"
0,0,0.9456769660328394,"[""0""]"
1,1,0.9983063717388913,"[""1""]"
1,1,0.9983063717388913,"[""1""]"
1,1,0.9983063717388913,"[""1""]"
1,1,0.9983063717388913,"[""1""]"
1,1,0.9980897190625961,"[""1""]"
1,1,0.9982489253149857,"[""1""]"
1,1,0.9982489253149857,"[""1""]"
1,1,0.9983063717388913,"[""1""]"
0,1,0.597658096952645,"[""1""]"
1,1,0.9983063717388913,"[""1""]"
0,1,0.597658096952645,"[""1""]"
1,1,0.9983063717388913,"[""1""]"
1,1,0.9983063717388913,"[""1""]"
1,1,0.9980897190625961,"[""1""]"
1,1,0.9982913364153736,"[""1""]"
0,1,0.597658096952645,"[""1""]"
1,1,0.9983063717388913,"[""1""]"
1,1,0.9982489253149857,"[""1""]"
1,1,0.9982489253149857,"[""1""]"
0,0,0.9358201624130881,"[""0""]"
1,1,0.9982489253149857,"[""1""]"
0,0,0.9443650526442154,"[""0""]"
1,1,0.9983063717388913,"[""1""]"
1,1,0.9982489253149857,"[""1""]"
1,1,0.9983063717388913,"[""1""]"
1,1,0.9983063717388913,"[""1""]"
1,1,0.9983063717388913,"[""1""]"
1,1,0.9983063717388913,"[""1""]"
1,1,0.9981968301047488,"[""1""]"
1,1,0.9983063717388913,"[""1""]"
1,1,0.9982489253149857,"[""1""]"
1,1,0.9980897190625961,"[""1""]"
1,1,0.9983063717388913,"[""1""]"
1,1,0.9983063717388913,"[""1""]"
1,1,0.9983063717388913,"[""1""]"
0,1,0.5989931833149625,"[""1""]"
1,1,0.9983063717388913,"[""1""]"
1,1,0.9983063717388913,"[""1""]"
1,1,0.9983063717388913,"[""1""]"
1,1,0.9983063717388913,"[""1""]"
1,1,0.9983063717388913,"[""1""]"
1,1,0.9983063717388913,"[""1""]"
1,1,0.9982489253149857,"[""1""]"
0,0,0.8647564328026962,"[""0""]"
1,1,0.9983063717388913,"[""1""]"
1,1,0.9983063717388913,"[""1""]"
0,0,0.8870137323084193,"[""0""]"
0,1,0.5094072626634675,[]
0,0,0.9453056339703713,"[""0""]"
0,0,0.9251528094267779,"[""0""]"
1,1,0.5989931833149625,"[""1""]"
1,1,0.9983063717388913,"[""1""]"
1,1,0.9980897190625961,"[""1""]"
0,0,0.9443650526442154,"[""0""]"
1,1,0.9983063717388913,"[""1""]"
0,0,0.942483788798874,"[""0""]"
1,1,0.9982489253149857,"[""1""]"
1,1,0.9969276442915275,"[""1""]"
1,1,0.9982489253149857,"[""1""]"
1,1,0.9983063717388913,"[""1""]"
0,0,0.9453056339703713,"[""0""]"
1,1,0.9983063717388913,"[""1""]"
1,1,0.9983063717388913,"[""1""]"
0,1,0.5989931833149625,"[""1""]"
0,1,0.597658096952645,"[""1""]"
1,1,0.9982489253149857,"[""1""]"
1,1,0.9983063717388913,"[""1""]"
1,1,0.9983063717388913,"[""1""]"
1,1,0.9983063717388913,"[""1""]"
0,0,0.9358201624130881,"[""0""]"
1,1,0.9983063717388913,"[""1""]"
1,1,0.5989931833149625,"[""1""]"
1,1,0.9983063717388913,"[""1""]"
1,1,0.9983063717388913,"[""1""]"
0,0,0.871182024342154,"[""0""]"
0,0,0.8231514257349799,"[""0""]"
1,1,0.9980897190625961,"[""1""]"
1,1,0.9981968301047488,"[""1""]"
1,1,0.9983063717388913,"[""1""]"
1,1,0.9983063717388913,"[""1""]"
1,1,0.597658096952645,"[""1""]"
0,0,0.6700757588032895,"[""0""]"
1,0,0.8231514257349799,"[""0""]"
1,1,0.9983063717388913,"[""1""]"
1,1,0.9983063717388913,"[""1""]"
1,1,0.9983063717388913,"[""1""]"
1,1,0.9983063717388913,"[""1""]"
1,1,0.9982489253149857,"[""1""]"
0,0,0.8870137323084193,"[""0""]"
1,1,0.9983063717388913,"[""1""]"
0,0,0.6843286411114321,"[""0""]"
0,0,0.8870137323084193,"[""0""]"
1,1,0.9983063717388913,"[""1""]"
1,1,0.9983063717388913,"[""1""]"
0,0,0.9159113874269559,"[""0""]"
1,1,0.9983063717388913,"[""1""]"
1,1,0.9981968301047488,"[""1""]"
1,1,0.9983063717388913,"[""1""]"
1,1,0.9983063717388913,"[""1""]"
1,1,0.9983063717388913,"[""1""]"
1,1,0.9982489253149857,"[""1""]"
1,1,0.9980897190625961,"[""1""]"
1,1,0.5989931833149625,"[""1""]"
1,1,0.9983063717388913,"[""1""]"
1,1,0.9983063717388913,"[""1""]"
0,0,0.920893696795849,"[""0""]"
0,0,0.8870137323084193,"[""0""]"
1,1,0.9983063717388913,"[""1""]"
1,1,0.9982913364153736,"[""1""]"
1,1,0.9982489253149857,"[""1""]"
1,1,0.9983063717388913,"[""1""]"
1,1,0.9983063717388913,"[""1""]"
1,1,0.9983063717388913,"[""1""]"
1,1,0.9983063717388913,"[""1""]"
1,1,0.9982489253149857,"[""1""]"
1,1,0.9983063717388913,"[""1""]"
1,1,0.9982489253149857,"[""1""]"
1,1,0.9983063717388913,"[""1""]"
1,1,0.9983063717388913,"[""1""]"
1,1,0.9982489253149857,"[""1""]"
0,0,0.8870137323084193,"[""0""]"
1,1,0.9982913364153736,"[""1""]"
1,1,0.9983063717388913,"[""1""]"
1,1,0.9983063717388913,"[""1""]"
1,1,0.9973332397807808,"[""1""]"
1,1,0.9983063717388913,"[""1""]"
0,0,0.8231514257349799,"[""0""]"
1,1,0.9983063717388913,"[""1""]"
0,0,0.9453056339703713,"[""0""]"
1,1,0.9983063717388913,"[""1""]"
1,1,0.9982489253149857,"[""1""]"
1,1,0.9983063717388913,"[""1""]"
1,1,0.9981968301047488,"[""1""]"
1,1,0.9983063717388913,"[""1""]"
1,1,0.9983063717388913,"[""1""]"
1,1,0.9983063717388913,"[""1""]"
1,1,0.9981968301047488,"[""1""]"
1,1,0.9983063717388913,"[""1""]"
1,1,0.9983063717388913,"[""1""]"
1,1,0.9983063717388913,"[""1""]"
1,1,0.9983063717388913,"[""1""]"
1,1,0.9983063717388913,"[""1""]"
1,1,0.9982489253149857,"[""1""]"
1,1,0.597658096952645,"[""1""]"
1,1,0.9983063717388913,"[""1""]"
1,1,0.9982489253149857,"[""1""]"
0,0,0.9453056339703713,"[""0""]"
1,1,0.9982489253149857,"[""1""]"
1,1,0.597658096952645,"[""1""]"
1,1,0.9983063717388913,"[""1""]"
1,1,0.9983063717388913,"[""1""]"
1,1,0.9981968301047488,"[""1""]"
1,1,0.9983063717388913,"[""1""]"
0,0,0.9453056339703713,"[""0""]"
1,1,0.9983063717388913,"[""1""]"
0,0,0.8647564328026962,"[""0""]"
1,1,0.9982489253149857,"[""1""]"
1,1,0.9983063717388913,"[""1""]"
1,1,0.9983063717388913,"[""1""]"
0,0,0.9251528094267779,"[""0""]"
1,1,0.9983063717388913,"[""1""]"
1,1,0.9982913364153736,"[""1""]"
1,1,0.9983063717388913,"[""1""]"
1,1,0.5989931833149625,"[""1""]"
1,1,0.9983063717388913,"[""1""]"
1,1,0.9983063717388913,"[""1""]"
1,1,0.9983063717388913,"[""1""]"
1,1,0.9983063717388913,"[""1""]"
1,1,0.9983063717388913,"[""1""]"
0,0,0.6700757588032895,"[""0""]"
0,0,0.9453056339703713,"[""0""]"
0,0,0.9071834338521485,"[""0""]"
1,1,0.9982489253149857,"[""1""]"
0,0,0.9453056339703713,"[""0""]"
1,1,0.9983063717388913,"[""1""]"
1,1,0.9983063717388913,"[""1""]"
0,0,0.6085028103734162,"[""0""]"
1,1,0.9983063717388913,"[""1""]"
1,1,0.9983063717388913,"[""1""]"
1,1,0.9982489253149857,"[""1""]"
1,1,0.9980897190625961,"[""1""]"
1,1,0.9983063717388913,"[""1""]"
0,0,0.8845936043418243,"[""0""]"
1,1,0.9983063717388913,"[""1""]"
1,1,0.9983063717388913,"[""1""]"
1,1,0.9983063717388913,"[""1""]"
1,1,0.9982913364153736,"[""1""]"
1,0,0.8647564328026962,"[""0""]"
1,1,0.9983063717388913,"[""1""]"
1,1,0.9983063717388913,"[""1""]"
1,1,0.9982489253149857,"[""1""]"
1,1,0.9983063717388913,"[""1""]"
0,1,0.597658096952645,"[""1""]"
1,1,0.9983063717388913,"[""1""]"
1,1,0.9983063717388913,"[""1""]"
1,1,0.9980897190625961,"[""1""]"
1,0,0.6700757588032895,"[""0""]"
1,1,0.9983063717388913,"[""1""]"
1,1,0.9983063717388913,"[""1""]"
0,0,0.9159113874269559,"[""0""]"
1,1,0.9983063717388913,"[""1""]"
1,1,0.9983063717388913,"[""1""]"
0,0,0.9159113874269559,"[""0""]"
1,1,0.9983063717388913,"[""1""]"
0,0,0.9453056339703713,"[""0""]"
1,1,0.9983063717388913,"[""1""]"
0,1,0.597658096952645,"[""1""]"
0,0,0.8870137323084193,"[""0""]"
1,1,0.9983063717388913,"[""1""]"
1,1,0.597658096952645,"[""1""]"
0,0,0.8870137323084193,"[""0""]"
0,0,0.871182024342154,"[""0""]"
1,1,0.9983063717388913,"[""1""]"
1,1,0.9983063717388913,"[""1""]"
0,0,0.9113691555876408,"[""0""]"
0,0,0.8845936043418243,"[""0""]"
0,1,0.6522917174992993,"[""1""]"
1,1,0.9983063717388913,"[""1""]"
0,1,0.5989931833149625,"[""1""]"
0,0,0.8111968749184053,"[""0""]"
1,0,0.6700757588032895,"[""0""]"
1,1,0.9982489253149857,"[""1""]"
1,1,0.9982489253149857,"[""1""]"
1,1,0.9983063717388913,"[""1""]"
1,1,0.9983063717388913,"[""1""]"
0,0,0.8231514257349799,"[""0""]"
1,1,0.9983063717388913,"[""1""]"
0,0,0.9453056339703713,"[""0""]"
1,1,0.9983063717388913,"[""1""]"
0,0,0.8555750732337091,"[""0""]"
1,1,0.9982489253149857,"[""1""]"
1,0,0.8870137323084193,"[""0""]"
1,1,0.9981968301047488,"[""1""]"
1,1,0.9982489253149857,"[""1""]"
1,1,0.9983063717388913,"[""1""]"
1,1,0.9983063717388913,"[""1""]"
0,0,0.9071834338521485,"[""0""]"
1,1,0.9983063717388913,"[""1""]"
1,1,0.9983063717388913,"[""1""]"
1,1,0.9983063717388913,"[""1""]"
0,0,0.8111968749184053,"[""0""]"
1,1,0.9982489253149857,"[""1""]"
1,1,0.9982913364153736,"[""1""]"
0,1,0.5989931833149625,"[""1""]"
1,1,0.9983063717388913,"[""1""]"
1,1,0.9982489253149857,"[""1""]"
1,1,0.9980897190625961,"[""1""]"
1,1,0.9982913364153736,"[""1""]"
0,0,0.8647564328026962,"[""0""]"
1,1,0.9983063717388913,"[""1""]"
1,1,0.9982489253149857,"[""1""]"
0,0,0.9443650526442154,"[""0""]"
1,1,0.9983063717388913,"[""1""]"
1,1,0.9983063717388913,"[""1""]"
1,1,0.9982489253149857,"[""1""]"
1,1,0.9983063717388913,"[""1""]"
1,1,0.9983063717388913,"[""1""]"
1,1,0.9981968301047488,"[""1""]"
1,1,0.9983063717388913,"[""1""]"
1,1,0.9983063717388913,"[""1""]"
0,0,0.942483788798874,"[""0""]"
0,0,0.9251528094267779,"[""0""]"
1,1,0.9983063717388913,"[""1""]"
1,1,0.9983063717388913,"[""1""]"
1,1,0.597658096952645,"[""1""]"
1,1,0.597658096952645,"[""1""]"
1,1,0.9983063717388913,"[""1""]"
1,1,0.9983063717388913,"[""1""]"
1,1,0.9983063717388913,"[""1""]"
0,0,0.6700757588032895,"[""0""]"
1,1,0.9983063717388913,"[""1""]"
1,1,0.9983063717388913,"[""1""]"
1,1,0.5989931833149625,"[""1""]"
0,0,0.9443650526442154,"[""0""]"
1,1,0.9983063717388913,"[""1""]"
0,0,0.9453056339703713,"[""0""]"
0,0,0.8647564328026962,"[""0""]"
1,1,0.9983063717388913,"[""1""]"
0,0,0.8870137323084193,"[""0""]"
0,0,0.9251528094267779,"[""0""]"
1,1,0.9980897190625961,"[""1""]"
0,0,0.8749614981316511,"[""0""]"
1,1,0.9983063717388913,"[""1""]"
1,1,0.9983063717388913,"[""1""]"
1,1,0.9983063717388913,"[""1""]"
1,1,0.9983063717388913,"[""1""]"
1,1,0.9983063717388913,"[""1""]"
1,1,0.9983063717388913,"[""1""]"
1,1,0.9983063717388913,"[""1""]"
1,1,0.9983063717388913,"[""1""]"
1,0,0.9004919726347647,"[""0""]"
1,1,0.9983063717388913,"[""1""]"
1,1,0.9983063717388913,"[""1""]"
1,1,0.9982913364153736,"[""1""]"
1,1,0.9983063717388913,"[""1""]"
0,0,0.8845936043418243,"[""0""]"
1,1,0.9982489253149857,"[""1""]"
1,1,0.9983063717388913,"[""1""]"
0,1,0.597658096952645,"[""1""]"
1,1,0.9982489253149857,"[""1""]"
1,1,0.9983063717388913,"[""1""]"
1,1,0.9980897190625961,"[""1""]"
1,1,0.9982489253149857,"[""1""]"
1,1,0.9982913364153736,"[""1""]"
1,1,0.5283415292574168,[]
1,1,0.9983063717388913,"[""1""]"
1,1,0.9983063717388913,"[""1""]"
1,1,0.9983063717388913,"[""1""]"
1,1,0.9983063717388913,"[""1""]"
1,1,0.9983063717388913,"[""1""]"
1,1,0.9981968301047488,"[""1""]"
1,1,0.9982913364153736,"[""1""]"
1,1,0.9983063717388913,"[""1""]"
1,1,0.597658096952645,"[""1""]"
0,1,0.5989931833149625,"[""1""]"
1,1,0.9983063717388913,"[""1""]"
0,0,0.9456769660328394,"[""0""]"
1,1,0.9983063717388913,"[""1""]"
1,1,0.5094072626634675,[]
0,1,0.5989931833149625,"[""1""]"
1,0,0.6700757588032895,"[""0""]"
1,0,0.6700757588032895,"[""0""]"
0,0,0.9159113874269559,"[""0""]"
1,1,0.9983063717388913,"[""1""]"
1,1,0.9983063717388913,"[""1""]"
1,1,0.9982913364153736,"[""1""]"
1,1,0.9982489253149857,"[""1""]"
1,1,0.9982913364153736,"[""1""]"
1,1,0.9983063717388913,"[""1""]"
1,1,0.9980897190625961,"[""1""]"
1,1,0.9983063717388913,"[""1""]"
1,1,0.9982913364153736,"[""1""]"
1,1,0.9983063717388913,"[""1""]"
0,0,0.8870137323084193,"[""0""]"
1,1,0.9983063717388913,"[""1""]"
1,1,0.9981968301047488,"[""1""]"
1,1,0.9983063717388913,"[""1""]"
1,1,0.9983063717388913,"[""1""]"
0,0,0.9453056339703713,"[""0""]"
1,1,0.9983063717388913,"[""1""]"
0,0,0.6887081954639126,"[""0""]"
1,1,0.9983063717388913,"[""1""]"
1,1,0.9983063717388913,"[""1""]"
1,1,0.9983063717388913,"[""1""]"
1,1,0.9983063717388913,"[""1""]"
1,1,0.5989931833149625,"[""1""]"
0,0,0.8870137323084193,"[""0""]"
1,1,0.9982489253149857,"[""1""]"
1,1,0.9983063717388913,"[""1""]"
1,1,0.9980897190625961,"[""1""]"
1,1,0.9983063717388913,"[""1""]"
1,1,0.9983063717388913,"[""1""]"
0,1,0.5989931833149625,"[""1""]"
1,1,0.5989931833149625,"[""1""]"
0,0,0.9443650526442154,"[""0""]"
0,0,0.9453056339703713,"[""0""]"
1,1,0.9983063717388913,"[""1""]"
1,1,0.9983063717388913,"[""1""]"
1,1,0.9983063717388913,"[""1""]"
1,1,0.9983063717388913,"[""1""]"
1,1,0.9983063717388913,"[""1""]"
1,1,0.9982489253149857,"[""1""]"
1,1,0.9983063717388913,"[""1""]"
0,0,0.6843286411114321,"[""0""]"
1,1,0.597658096952645,"[""1""]"
0,0,0.6700757588032895,"[""0""]"
1,1,0.9981968301047488,"[""1""]"
1,1,0.9983063717388913,"[""1""]"
1,1,0.9982489253149857,"[""1""]"
0,0,0.8870137323084193,"[""0""]"
1,1,0.9982489253149857,"[""1""]"
1,1,0.9983063717388913,"[""1""]"
0,1,0.5989931833149625,"[""1""]"
1,1,0.9983063717388913,"[""1""]"
1,1,0.9983063717388913,"[""1""]"
1,1,0.9983063717388913,"[""1""]"
1,1,0.9983063717388913,"[""1""]"
1,1,0.9983063717388913,"[""1""]"
1,1,0.9983063717388913,"[""1""]"
1,1,0.9983063717388913,"[""1""]"
1,1,0.9983063717388913,"[""1""]"
0,0,0.6700757588032895,"[""0""]"
0,1,0.5989931833149625,"[""1""]"
1,1,0.9983063717388913,"[""1""]"
1,1,0.9983063717388913,"[""1""]"
0,0,0.8845936043418243,"[""0""]"
0,0,0.8870137323084193,"[""0""]"
1,1,0.9983063717388913,"[""1""]"
1,1,0.9983063717388913,"[""1""]"
1,1,0.9983063717388913,"[""1""]"
1,1,0.9983063717388913,"[""1""]"
1,1,0.9983063717388913,"[""1""]"
0,0,0.9447570738223283,"[""0""]"
1,1,0.9981968301047488,"[""1""]"
1,1,0.9983063717388913,"[""1""]"
0,0,0.8647564328026962,"[""0""]"
1,1,0.9983063717388913,"[""1""]"
1,1,0.5094072626634675,[]
1,1,0.9983063717388913,"[""1""]"
0,0,0.8647564328026962,"[""0""]"
1,1,0.9983063717388913,"[""1""]"
1,1,0.597658096952645,"[""1""]"
0,0,0.8845936043418243,"[""0""]"
1,1,0.9983063717388913,"[""1""]"
1,1,0.9983063717388913,"[""1""]"
1,1,0.9983063717388913,"[""1""]"
1,1,0.9978068855033548,"[""1""]"
1,1,0.9983063717388913,"[""1""]"
1,1,0.9983063717388913,"[""1""]"
1,1,0.9983063717388913,"[""1""]"
1,1,0.9983063717388913,"[""1""]"
1,1,0.9983063717388913,"[""1""]"
1,1,0.9983063717388913,"[""1""]"
0,0,0.8870137323084193,"[""0""]"
0,0,0.8647564328026962,"[""0""]"
1,1,0.9983063717388913,"[""1""]"
1,1,0.9982489253149857,"[""1""]"
1,1,0.5094072626634675,[]
1,1,0.9982489253149857,"[""1""]"
0,0,0.919800094268182,"[""0""]"
0,0,0.8752160961607132,"[""0""]"
1,1,0.9983063717388913,"[""1""]"
1,1,0.9978068855033548,"[""1""]"
1,1,0.9983063717388913,"[""1""]"
1,1,0.9983063717388913,"[""1""]"
0,1,0.5683616515309178,[]
1,1,0.9983063717388913,"[""1""]"
0,1,0.5989931833149625,"[""1""]"
1,1,0.9983063717388913,"[""1""]"
1,1,0.597658096952645,"[""1""]"
1,1,0.9982489253149857,"[""1""]"
1,1,0.9983063717388913,"[""1""]"
1,1,0.9983063717388913,"[""1""]"
1,1,0.9982489253149857,"[""1""]"
1,1,0.9982489253149857,"[""1""]"
1,1,0.9983063717388913,"[""1""]"
1,1,0.9983063717388913,"[""1""]"
0,1,0.5989931833149625,"[""1""]"
0,0,0.9071834338521485,"[""0""]"
1,1,0.9981968301047488,"[""1""]"
1,1,0.9983063717388913,"[""1""]"
1,1,0.9983063717388913,"[""1""]"
0,0,0.8647564328026962,"[""0""]"
0,0,0.920893696795849,"[""0""]"
1,1,0.9983063717388913,"[""1""]"
1,1,0.5989931833149625,"[""1""]"
1,0,0.9004919726347647,"[""0""]"
1,1,0.9982913364153736,"[""1""]"
1,1,0.9983063717388913,"[""1""]"
1,1,0.9983063717388913,"[""1""]"
0,0,0.9071834338521485,"[""0""]"
1,1,0.9983063717388913,"[""1""]"
1,1,0.9982489253149857,"[""1""]"
1,1,0.9983063717388913,"[""1""]"
1,1,0.9973332397807808,"[""1""]"
0,1,0.597658096952645,"[""1""]"
0,0,0.871182024342154,"[""0""]"
0,0,0.8845936043418243,"[""0""]"
1,1,0.9982489253149857,"[""1""]"
1,1,0.9983063717388913,"[""1""]"
1,1,0.9982913364153736,"[""1""]"
1,1,0.9983063717388913,"[""1""]"
1,1,0.9983063717388913,"[""1""]"
1,1,0.9983063717388913,"[""1""]"
1,1,0.9938462287643403,"[""1""]"
1,1,0.9982489253149857,"[""1""]"
1,1,0.9983063717388913,"[""1""]"
1,1,0.9981968301047488,"[""1""]"
1,1,0.9983063717388913,"[""1""]"
1,1,0.9983063717388913,"[""1""]"
0,1,0.5989931833149625,"[""1""]"
1,1,0.9983063717388913,"[""1""]"
1,1,0.9982913364153736,"[""1""]"
1,1,0.9983063717388913,"[""1""]"
1,1,0.9982489253149857,"[""1""]"
1,1,0.9983063717388913,"[""1""]"
1,1,0.9983063717388913,"[""1""]"
1,1,0.9983063717388913,"[""1""]"
1,1,0.9983063717388913,"[""1""]"
1,1,0.9983063717388913,"[""1""]"
1,1,0.9983063717388913,"[""1""]"
1,1,0.9983063717388913,"[""1""]"
1,1,0.9982489253149857,"[""1""]"
1,1,0.9981968301047488,"[""1""]"
1,1,0.9983063717388913,"[""1""]"
1,1,0.9983063717388913,"[""1""]"
0,0,0.8647564328026962,"[""0""]"
0,0,0.8845936043418243,"[""0""]"
1,1,0.9983063717388913,"[""1""]"
1,1,0.9982489253149857,"[""1""]"
1,1,0.9983063717388913,"[""1""]"
1,1,0.9982489253149857,"[""1""]"
1,1,0.9982913364153736,"[""1""]"
1,1,0.9983063717388913,"[""1""]"
0,1,0.597658096952645,"[""1""]"
0,0,0.8231514257349799,"[""0""]"
1,1,0.9983063717388913,"[""1""]"
1,1,0.9983063717388913,"[""1""]"
1,1,0.9982489253149857,"[""1""]"
1,1,0.9983063717388913,"[""1""]"
0,1,0.6522917174992993,"[""1""]"
1,1,0.9983063717388913,"[""1""]"
1,1,0.9983063717388913,"[""1""]"
1,1,0.9982489253149857,"[""1""]"
0,0,0.9453056339703713,"[""0""]"
1,1,0.9982489253149857,"[""1""]"
1,1,0.9983063717388913,"[""1""]"
1,1,0.9983063717388913,"[""1""]"
0,0,0.8870137323084193,"[""0""]"
1,1,0.9982913364153736,"[""1""]"
1,0,0.8870137323084193,"[""0""]"
1,1,0.9983063717388913,"[""1""]"
1,1,0.5989931833149625,"[""1""]"
1,1,0.9982489253149857,"[""1""]"
0,0,0.9453056339703713,"[""0""]"
0,0,0.9453056339703713,"[""0""]"
1,1,0.9983063717388913,"[""1""]"
1,1,0.9983063717388913,"[""1""]"
1,1,0.597658096952645,"[""1""]"
0,0,0.9443650526442154,"[""0""]"
0,1,0.5989931833149625,"[""1""]"
1,1,0.9983063717388913,"[""1""]"
1,1,0.9983063717388913,"[""1""]"
1,0,0.6700757588032895,"[""0""]"
1,1,0.9983063717388913,"[""1""]"
1,1,0.597658096952645,"[""1""]"
1,1,0.9983063717388913,"[""1""]"
0,0,0.6085028103734162,"[""0""]"
1,1,0.9983063717388913,"[""1""]"
1,1,0.9982489253149857,"[""1""]"
1,1,0.9982913364153736,"[""1""]"
1,1,0.9982489253149857,"[""1""]"
1,1,0.9982489253149857,"[""1""]"
1,1,0.9983063717388913,"[""1""]"
1,1,0.9983063717388913,"[""1""]"
1,1,0.9983063717388913,"[""1""]"
1,1,0.9983063717388913,"[""1""]"
1,1,0.9983063717388913,"[""1""]"
0,0,0.8647564328026962,"[""0""]"
0,1,0.5283415292574168,[]
1,1,0.9983063717388913,"[""1""]"
1,1,0.9983063717388913,"[""1""]"
1,1,0.9983063717388913,"[""1""]"
1,1,0.9983063717388913,"[""1""]"
1,1,0.9983063717388913,"[""1""]"
1,1,0.9983063717388913,"[""1""]"
0,1,0.5283415292574168,[]
1,1,0.9983063717388913,"[""1""]"
0,0,0.8542384315428596,"[""0""]"
1,1,0.9983063717388913,"[""1""]"
1,1,0.9983063717388913,"[""1""]"
0,0,0.9453056339703713,"[""0""]"
1,1,0.9983063717388913,"[""1""]"
1,1,0.9983063717388913,"[""1""]"
1,1,0.9983063717388913,"[""1""]"
1,1,0.9982489253149857,"[""1""]"
1,1,0.9982489253149857,"[""1""]"
1,1,0.5283415292574168,[]
1,1,0.9983063717388913,"[""1""]"
1,1,0.9982489253149857,"[""1""]"
1,1,0.597658096952645,"[""1""]"
1,1,0.9983063717388913,"[""1""]"
1,1,0.9983063717388913,"[""1""]"
0,0,0.9453056339703713,"[""0""]"
1,0,0.9159113874269559,"[""0""]"
0,0,0.9159113874269559,"[""0""]"
0,1,0.597658096952645,"[""1""]"
1,1,0.9983063717388913,"[""1""]"
0,0,0.8870137323084193,"[""0""]"
1,1,0.9980897190625961,"[""1""]"
0,0,0.9456769660328394,"[""0""]"
1,1,0.9982489253149857,"[""1""]"
1,1,0.9982489253149857,"[""1""]"
1,1,0.9982913364153736,"[""1""]"
0,0,0.8647564328026962,"[""0""]"
0,0,0.8749614981316511,"[""0""]"
1,1,0.9983063717388913,"[""1""]"
1,1,0.9982913364153736,"[""1""]"
0,0,0.8647564328026962,"[""0""]"
1,1,0.9983063717388913,"[""1""]"
0,0,0.8870137323084193,"[""0""]"
0,0,0.8870137323084193,"[""0""]"
1,1,0.5989931833149625,"[""1""]"
1,1,0.597658096952645,"[""1""]"
1,1,0.9983063717388913,"[""1""]"
1,1,0.9983063717388913,"[""1""]"
1,1,0.9982489253149857,"[""1""]"
1,1,0.9983063717388913,"[""1""]"
0,0,0.8810602021518814,"[""0""]"
1,1,0.9983063717388913,"[""1""]"
1,1,0.597658096952645,"[""1""]"
1,1,0.9983063717388913,"[""1""]"
1,1,0.9983063717388913,"[""1""]"
1,1,0.9983063717388913,"[""1""]"
1,1,0.9983063717388913,"[""1""]"
1,1,0.9983063717388913,"[""1""]"
1,1,0.9982489253149857,"[""1""]"
0,0,0.8870137323084193,"[""0""]"
1,1,0.9983063717388913,"[""1""]"
0,0,0.8845936043418243,"[""0""]"
1,1,0.5989931833149625,"[""1""]"
1,0,0.6085028103734162,"[""0""]"
1,1,0.9983063717388913,"[""1""]"
0,0,0.8870137323084193,"[""0""]"
1,1,0.9982489253149857,"[""1""]"
1,1,0.9982913364153736,"[""1""]"
1,1,0.9982489253149857,"[""1""]"
1,1,0.5989931833149625,"[""1""]"
1,1,0.9983063717388913,"[""1""]"
0,0,0.9071834338521485,"[""0""]"
1,1,0.9983063717388913,"[""1""]"
1,1,0.9983063717388913,"[""1""]"
0,0,0.9071834338521485,"[""0""]"
0,0,0.8870137323084193,"[""0""]"
1,1,0.9983063717388913,"[""1""]"
1,1,0.9983063717388913,"[""1""]"
0,0,0.9159113874269559,"[""0""]"
1,1,0.5094072626634675,[]
1,1,0.9983063717388913,"[""1""]"
1,1,0.9983063717388913,"[""1""]"
1,1,0.9983063717388913,"[""1""]"
0,0,0.8870137323084193,"[""0""]"
1,1,0.9983063717388913,"[""1""]"
0,0,0.6085028103734162,"[""0""]"
1,1,0.9982489253149857,"[""1""]"
1,1,0.5283415292574168,[]
1,1,0.9982489253149857,"[""1""]"
1,1,0.9982489253149857,"[""1""]"
1,1,0.9980897190625961,"[""1""]"
0,0,0.9453056339703713,"[""0""]"
1,1,0.9982489253149857,"[""1""]"
1,1,0.9982913364153736,"[""1""]"
1,1,0.9982489253149857,"[""1""]"
0,0,0.9456769660328394,"[""0""]"
1,1,0.9982913364153736,"[""1""]"
1,1,0.9983063717388913,"[""1""]"
1,1,0.9982489253149857,"[""1""]"
1,1,0.597658096952645,"[""1""]"
1,1,0.9982489253149857,"[""1""]"
1,1,0.9983063717388913,"[""1""]"
1,1,0.9980897190625961,"[""1""]"
1,1,0.9983063717388913,"[""1""]"
1,1,0.9983063717388913,"[""1""]"
1,1,0.9981968301047488,"[""1""]"
1,0,0.9113691555876408,"[""0""]"
1,1,0.9983063717388913,"[""1""]"
1,1,0.9983063717388913,"[""1""]"
1,0,0.8870137323084193,"[""0""]"
1,1,0.9983063717388913,"[""1""]"
1,1,0.9983063717388913,"[""1""]"
1,1,0.9983063717388913,"[""1""]"
1,1,0.9983063717388913,"[""1""]"
1,1,0.9983063717388913,"[""1""]"
1,1,0.9983063717388913,"[""1""]"
0,0,0.6700757588032895,"[""0""]"
1,1,0.9983063717388913,"[""1""]"
0,0,0.9071834338521485,"[""0""]"
0,0,0.9159113874269559,"[""0""]"
1,1,0.9983063717388913,"[""1""]"
1,1,0.9983063717388913,"[""1""]"
1,1,0.9982489253149857,"[""1""]"
1,1,0.9983063717388913,"[""1""]"
0,1,0.597658096952645,"[""1""]"
0,0,0.8845936043418243,"[""0""]"
1,1,0.9983063717388913,"[""1""]"
1,1,0.9983063717388913,"[""1""]"
1,1,0.9983063717388913,"[""1""]"
1,1,0.9983063717388913,"[""1""]"
1,1,0.9983063717388913,"[""1""]"
1,1,0.9981968301047488,"[""1""]"
1,0,0.8845936043418243,"[""0""]"
1,1,0.9983063717388913,"[""1""]"
1,1,0.9983063717388913,"[""1""]"
1,1,0.9983063717388913,"[""1""]"
1,0,0.8845936043418243,"[""0""]"
1,1,0.9983063717388913,"[""1""]"
1,1,0.9982489253149857,"[""1""]"
0,0,0.8870137323084193,"[""0""]"
1,1,0.9983063717388913,"[""1""]"
1,0,0.8647564328026962,"[""0""]"
1,0,0.8870137323084193,"[""0""]"
1,1,0.9983063717388913,"[""1""]"
1,1,0.9983063717388913,"[""1""]"
1,1,0.597658096952645,"[""1""]"
1,1,0.9983063717388913,"[""1""]"
0,0,0.6700757588032895,"[""0""]"
1,1,0.9983063717388913,"[""1""]"
1,1,0.9982913364153736,"[""1""]"
1,1,0.9983063717388913,"[""1""]"
1,1,0.9983063717388913,"[""1""]"
0,0,0.8932973715326422,"[""0""]"
1,0,0.6700757588032895,"[""0""]"
1,1,0.9983063717388913,"[""1""]"
1,1,0.9983063717388913,"[""1""]"
0,0,0.8111968749184053,"[""0""]"
1,1,0.9983063717388913,"[""1""]"
1,1,0.5989931833149625,"[""1""]"
1,1,0.9983063717388913,"[""1""]"
1,1,0.9983063717388913,"[""1""]"
1,1,0.9983063717388913,"[""1""]"
1,1,0.9982489253149857,"[""1""]"
0,0,0.9453056339703713,"[""0""]"
0,0,0.8870137323084193,"[""0""]"
1,1,0.9983063717388913,"[""1""]"
1,1,0.5989931833149625,"[""1""]"
1,1,0.9983063717388913,"[""1""]"
1,1,0.597658096952645,"[""1""]"
1,1,0.9983063717388913,"[""1""]"
0,0,0.6700757588032895,"[""0""]"
0,0,0.9453056339703713,"[""0""]"
1,1,0.5094072626634675,[]
0,1,0.5283415292574168,[]
1,1,0.9983063717388913,"[""1""]"
1,1,0.9983063717388913,"[""1""]"
1,1,0.9983063717388913,"[""1""]"
1,1,0.9983063717388913,"[""1""]"
0,0,0.9071834338521485,"[""0""]"
1,1,0.9983063717388913,"[""1""]"
0,0,0.6085028103734162,"[""0""]"
1,1,0.9983063717388913,"[""1""]"
1,1,0.9983063717388913,"[""1""]"
1,1,0.9982913364153736,"[""1""]"
0,0,0.9438772295488749,"[""0""]"
1,1,0.9980897190625961,"[""1""]"
1,1,0.9983063717388913,"[""1""]"
0,0,0.9443650526442154,"[""0""]"
1,1,0.9983063717388913,"[""1""]"
0,0,0.9453056339703713,"[""0""]"
1,1,0.9981968301047488,"[""1""]"
1,1,0.9981968301047488,"[""1""]"
1,0,0.6085028103734162,"[""0""]"
0,0,0.8752160961607132,"[""0""]"
1,1,0.9983063717388913,"[""1""]"
0,0,0.6700757588032895,"[""0""]"
1,1,0.9982489253149857,"[""1""]"
0,0,0.8932973715326422,"[""0""]"
1,1,0.9982489253149857,"[""1""]"
1,1,0.9983063717388913,"[""1""]"
1,1,0.9982913364153736,"[""1""]"
0,0,0.8555750732337091,"[""0""]"
1,1,0.9982489253149857,"[""1""]"
0,0,0.9453056339703713,"[""0""]"
1,1,0.9983063717388913,"[""1""]"
1,1,0.9983063717388913,"[""1""]"
0,0,0.8647564328026962,"[""0""]"
1,1,0.9981968301047488,"[""1""]"
0,0,0.9443650526442154,"[""0""]"
1,1,0.9983063717388913,"[""1""]"
1,1,0.9983063717388913,"[""1""]"
0,1,0.5283415292574168,[]
1,1,0.9981968301047488,"[""1""]"
1,1,0.5989931833149625,"[""1""]"
1,1,0.9982489253149857,"[""1""]"
1,1,0.9983063717388913,"[""1""]"
0,0,0.8111968749184053,"[""0""]"
1,1,0.9983063717388913,"[""1""]"
1,1,0.9983063717388913,"[""1""]"
1,1,0.9983063717388913,"[""1""]"
1,1,0.9982913364153736,"[""1""]"
1,1,0.9983063717388913,"[""1""]"
1,1,0.9983063717388913,"[""1""]"
1,1,0.9983063717388913,"[""1""]"
0,1,0.5283415292574168,[]
0,0,0.9453056339703713,"[""0""]"
0,0,0.8870137323084193,"[""0""]"
1,1,0.9983063717388913,"[""1""]"
1,1,0.9983063717388913,"[""1""]"
1,1,0.9982489253149857,"[""1""]"
1,1,0.9982489253149857,"[""1""]"
1,1,0.9983063717388913,"[""1""]"
1,1,0.9981968301047488,"[""1""]"
1,1,0.9983063717388913,"[""1""]"
1,1,0.9983063717388913,"[""1""]"
1,1,0.9983063717388913,"[""1""]"
1,1,0.9983063717388913,"[""1""]"
1,1,0.9983063717388913,"[""1""]"
1,0,0.8555750732337091,"[""0""]"
0,0,0.8810602021518814,"[""0""]"
1,1,0.9983063717388913,"[""1""]"
1,1,0.9983063717388913,"[""1""]"
1,1,0.9983063717388913,"[""1""]"
0,1,0.5283415292574168,[]
1,1,0.9982489253149857,"[""1""]"
0,0,0.9071834338521485,"[""0""]"
1,1,0.9983063717388913,"[""1""]"
1,1,0.9981968301047488,"[""1""]"
1,0,0.8752160961607132,"[""0""]"
1,1,0.9983063717388913,"[""1""]"
1,1,0.9983063717388913,"[""1""]"
1,1,0.9983063717388913,"[""1""]"
1,1,0.9982489253149857,"[""1""]"
1,1,0.9980897190625961,"[""1""]"
1,1,0.9982489253149857,"[""1""]"
1,1,0.9983063717388913,"[""1""]"
1,0,0.8870137323084193,"[""0""]"
0,0,0.9453056339703713,"[""0""]"
0,0,0.8231514257349799,"[""0""]"
1,1,0.9983063717388913,"[""1""]"
1,1,0.9983063717388913,"[""1""]"
1,1,0.9983063717388913,"[""1""]"
1,1,0.9983063717388913,"[""1""]"
1,1,0.9982489253149857,"[""1""]"
1,1,0.9983063717388913,"[""1""]"
1,1,0.9983063717388913,"[""1""]"
1,1,0.9982489253149857,"[""1""]"
1,1,0.9983063717388913,"[""1""]"
1,1,0.9983063717388913,"[""1""]"
0,0,0.6085028103734162,"[""0""]"
1,1,0.9983063717388913,"[""1""]"
0,0,0.9453056339703713,"[""0""]"
1,1,0.9982489253149857,"[""1""]"
1,1,0.9983063717388913,"[""1""]"
1,1,0.9983063717388913,"[""1""]"
1,1,0.9983063717388913,"[""1""]"
1,1,0.9983063717388913,"[""1""]"
1,1,0.9983063717388913,"[""1""]"
1,1,0.9983063717388913,"[""1""]"
1,1,0.9983063717388913,"[""1""]"
1,1,0.9982913364153736,"[""1""]"
1,1,0.9983063717388913,"[""1""]"
1,1,0.9983063717388913,"[""1""]"
1,1,0.9983063717388913,"[""1""]"
1,1,0.9983063717388913,"[""1""]"
1,1,0.9983063717388913,"[""1""]"
0,0,0.9453056339703713,"[""0""]"
0,0,0.9159113874269559,"[""0""]"
0,0,0.8647564328026962,"[""0""]"
1,1,0.9980897190625961,"[""1""]"
1,1,0.9983063717388913,"[""1""]"
1,1,0.9983063717388913,"[""1""]"
1,1,0.9983063717388913,"[""1""]"
1,1,0.9983063717388913,"[""1""]"
1,1,0.9983063717388913,"[""1""]"
1,1,0.9983063717388913,"[""1""]"
1,1,0.9983063717388913,"[""1""]"
1,1,0.9983063717388913,"[""1""]"
1,1,0.9983063717388913,"[""1""]"
1,1,0.9983063717388913,"[""1""]"
1,1,0.9983063717388913,"[""1""]"
1,1,0.9982489253149857,"[""1""]"
0,0,0.9159113874269559,"[""0""]"
1,1,0.9983063717388913,"[""1""]"
1,1,0.9983063717388913,"[""1""]"
